EMIT_Equivalent_Water_Thickness_mm,SMAP_Soil_Moisture_cm3_per_cm3
0.047925625,0.22868031
0.08133106,0.26749867
0.018785886,0.13364857
0.04836629,0.23966664
0.023101665,0.12690419
0.023650223,0.14994496
0.021990327,0.14213246
0.023493307,0.14481801
0.019020984,0.121960334
